"id","content","updated_at","updated_by"
"1","<p><span style=""font-weight: 900;""><font size=""5"">EINSATZPLAN</font></span></p><p><b><font size=""3""><br></font></b></p>","2025-04-25 09:32:38","Admin"
"id","year","month","is_frozen","frozen_at","frozen_by"
"1","2025","3","0",NULL,NULL
"2","2025","4","0",NULL,NULL
"3","2025","5","1","2025-05-07 21:28:39","8"
"id","name","value","created_by","created_at","updated_at","alpha"
"13","primaryColor","#2dc885",NULL,"2025-05-07 16:33:14","2025-05-07 16:43:04","1"
"14","background","#ff5252",NULL,"2025-05-07 16:33:14","2025-05-07 16:36:04","1"
"15","backgroundFreeze","#386aff",NULL,"2025-05-07 16:33:14","2025-05-07 16:39:33","1"
"16","redShift","#ffffff",NULL,"2025-05-07 16:33:14","2025-05-07 17:51:28","1"
"17","orangeShift","#ff5252",NULL,"2025-05-07 16:33:14","2025-05-07 16:36:25","0.45"
"18","greenShift","#ff5252",NULL,"2025-05-07 16:33:14","2025-05-07 16:36:04","1"
"19","starterShift","#2ec885",NULL,"2025-05-07 16:33:14","2025-05-07 16:43:04","1"
"20","schreibdienstSingle","#64b5f6",NULL,"2025-05-07 16:33:14","2025-05-07 16:33:14","1"
"21","schreibdienstFull","#1976d2",NULL,"2025-05-07 16:33:14","2025-05-07 16:33:14","1"
"22","hoverBg","#ff5252",NULL,"2025-05-07 16:33:14","2025-05-07 16:36:04","1"
"23","selectedBg","#ff5252",NULL,"2025-05-07 16:33:14","2025-05-07 16:36:04","1"
"id","date","title","time","created_by","created_at"
"1","2025-03-01","ydgsdgfs","04:34:00","8","2025-05-07 17:42:41"
"2","2025-06-03","Teamsitzung","17:00:00","8","2025-05-07 17:51:59"
"3","2025-06-01","asdfasdf","16:03:00","8","2025-05-07 18:01:19"
"4","2025-06-01","sdfgsdfg","12:00:00","8","2025-05-07 18:05:32"
"5","2025-05-02","asdfa","13:06:00","8","2025-05-07 18:06:25"
"6","2025-06-06","sdfgsd","10:00:00","8","2025-05-07 18:10:51"
"7","2025-06-04","D","12:23:00","8","2025-05-07 18:11:19"
"8","2025-06-08","asd","03:22:00","8","2025-05-07 18:13:50"
"9","2025-06-05","asdfadsf","22:12:00","8","2025-05-07 18:14:23"
"10","2025-06-16","dfgsdg","18:00:00","8","2025-05-07 21:07:29"
"11","2025-06-01","asds","12:12:00","8","2025-05-07 21:08:21"
"id","user_id","start_date","end_date","approved","created_at"
"16","1","2025-03-29","2025-03-30","1","2025-03-11 18:01:12"
"31","13","2025-03-27","2025-03-29","1","2025-03-12 14:02:44"
"34","2","2025-03-11","2025-03-11","1","2025-03-12 14:13:32"
"35","15","2025-03-29","2025-04-05","1","2025-03-29 21:36:56"
"36","2","2025-04-04","2025-04-11","1","2025-04-04 15:31:13"
"37","3","2025-04-21","2025-04-25","1","2025-04-06 19:01:34"
"38","3","2025-03-25","2025-03-28","1","2025-04-10 20:33:09"
"39","2","2025-03-25","2025-03-28","1","2025-04-10 20:33:41"
"40","3","2025-04-15","2025-04-22","1","2025-04-15 15:39:08"
"id","date","time","shift_type","details","user_id","created_at"
"5","2025-03-12","11:30:00","E1","SID 80","1","2025-03-12 14:17:52"
"id","user_id","token","expires_at","created_at"
"3","8","9061252ce758a54bccb8e503ac70da1679fdfa072506e0851e34ae6f4df08544","2025-03-11 04:14:27","2025-03-10 16:14:27"
"7","8","fe3d124e921b274619e548af9317b71b18046d9bc74c907ea7a2ab4e632ca9ac","2025-03-13 01:40:36","2025-03-12 13:40:36"
"21","8","01182a221b5e873b900c3c3887801c3c223e4404208fb8d6394f4f6a256bb4cd","2025-03-22 01:07:18","2025-03-21 13:07:18"
"23","8","8731850876e5d930f39fa564020742993ffb5f639e70867e7a5836f367f1dc0f","2025-03-22 11:17:08","2025-03-21 23:17:08"
"26","8","a448c3abfbd13cd3a45b384d6a6de32426e533b6ee2fc327d6db4df6a9c00e17","2025-03-24 22:38:22","2025-03-24 10:38:22"
"41","8","48974d6dce8e6198b61ded1fb3111cf4c1052918e706d21aad1c5a454efa1408","2025-04-03 06:10:37","2025-04-02 18:10:37"
"46","8","56a3d678fc64d58b33479fc49ea1d0c56a92eef0b0aab3eea0bc916211704d7a","2025-04-07 01:51:19","2025-04-06 13:51:19"
"59","8","29c8c145a6b9c9fc38e6d5cb00f4354db2cb745b13b07f60cf261eae357242b8","2025-04-24 06:00:54","2025-04-23 18:00:54"
"60","8","d6845fd68aa5b69e45f6a7933b1a3371fec8a2b4c681cd93d33870eb865978fd","2025-04-24 06:04:00","2025-04-23 18:04:00"
"61","8","ef580b63eaf862918b10e53b6ae35aa8b399a87e06c896eca8aeba4c942874b0","2025-04-24 06:21:37","2025-04-23 18:21:37"
"62","8","ad1d3eff6db4e0a96da1f6d95554b20a7e67906f92f9ce13f531b792945a70c7","2025-04-24 06:45:05","2025-04-23 18:45:05"
"68","8","79ffbea8f6cdf016a053aa86917293842fad151708c132cbc0940f874021f1c3","2025-04-25 10:12:50","2025-04-24 22:12:50"
"71","8","c6690aa0e8b8bddf296e4d91c8b18025c2df8045c7d78a191fbd9452f1f7847d","2025-04-29 23:41:02","2025-04-29 11:41:02"
"72","8","ab2e55b96624a772d853eb390bd60da91af99f3adf9c55f08c1f92ff46788dc8","2025-04-30 00:17:00","2025-04-29 12:17:00"
"73","8","21fdc60a598573bbd574ce3e8eb1d742826e0b1da6154227442de73cf5fab600","2025-04-30 00:20:28","2025-04-29 12:20:28"
"77","8","244981622a01efaee938c63731c3747861deb98ec3c77353c5aa0c074e60ed24","2025-05-07 05:47:49","2025-05-06 17:47:49"
"82","8","fc17d1dd38a9c31415eb7043f085fa5cff7b0d1ee232dd188eedc589f1656332","2025-05-08 01:00:34","2025-05-07 13:00:34"
"83","8","539e2e89b8d3ba6b4c3d9c10d895c33fe4ada5742b09ef215e89341b85660409","2025-05-08 03:47:22","2025-05-07 15:47:22"
"84","8","09fd1a0264f5fc4eca4f2f83acda827a9b7ec2e570fd645911ac3f7efe07836a","2025-05-08 04:25:25","2025-05-07 16:25:25"
"id","setting_key","setting_value","created_at","updated_at"
"1","announcement_content","<p>Welcome to the shift scheduling calendar. Here you can view and manage all assignments.</p>","2025-04-24 21:05:57","2025-04-24 21:05:57"
"2","announcement_logo","http://localhost/calendar-deutsch/logo.svg","2025-04-24 21:05:57","2025-04-24 21:12:25"
"id","date","shift_type","user1_id","user2_id","note1","note2"
"1","2025-03-03","E1","1","3",,
"2","2025-03-03","E2","8","13",,
"3","2025-03-17","E2",NULL,"1",NULL,
"4","2025-03-11","E2","2",NULL,"yvsdsdf",NULL
"5","2025-03-04","E1","13",NULL,"adsdfadada",
"6","2025-03-07","E1","8","12",,
"7","2025-03-13","E2","1","8",,
"8","2025-03-12","E2","1",NULL,,NULL
"9","2025-03-18","E1","8","2",,
"10","2025-03-19","E2",NULL,"3",NULL,
"11","2025-03-27","E2","8",NULL,,NULL
"12","2025-03-04","E2","8","13","yjksbdföajsdf",
"13","2025-03-05","E1","1","13","Bis später","Hab ich dabei"
"14","2025-03-06","E1","1","12",,
"15","2025-03-06","E2",NULL,NULL,,
"16","2025-03-14","E2","8","12",,
"17","2025-03-10","E1","1","8",,
"18","2025-03-12","E1","8",NULL,,NULL
"19","2025-03-24","E2","1",NULL,,NULL
"20","2025-03-24","E1",NULL,"3",NULL,
"21","2025-03-25","E1","8",NULL,,
"22","2025-03-25","E2","1",NULL,,NULL
"23","2025-03-05","E2",NULL,"8",NULL,
"24","2025-03-26","E1","3","13",,
"25","2025-03-26","E2",NULL,"3",NULL,
"26","2025-03-13","E1","3",NULL,,NULL
"27","2025-03-19","E1","3","8",,
"28","2025-03-20","E1",NULL,"3",NULL,
"29","2025-03-10","E2",NULL,"3",NULL,
"30","2025-03-21","E1","3",NULL,,NULL
"31","2025-03-20","E2","8",NULL,,NULL
"32","2025-03-28","E2","8",NULL,,NULL
"33","2025-03-17","E1","8",NULL,,NULL
"34","2025-03-11","E1","13","3",,
"35","2025-03-07","E2","8",NULL,,NULL
"36","2025-03-14","E1","13",NULL,,NULL
"37","2025-02-04","E1",NULL,NULL,,NULL
"38","2025-03-31","E1","1","13",,
"39","2025-03-27","E1","12",NULL,,NULL
"40","2025-03-28","E1","3",NULL,,NULL
"41","2025-11-11","E1","8",NULL,,NULL
"42","2025-03-18","E2","2",NULL,"Komme leider erst auf 11.15h",NULL
"43","2025-03-21","E2","1",NULL,"Hallo",NULL
"44","2025-04-01","E2","1",NULL,,NULL
"45","2025-04-09","E1","1","2",,
"46","2025-05-01","E1","1","3",,
"47","2025-06-03","E2","3","8",,
"48","2025-06-03","E1","8","19",,
"id","name","email","password","role","is_starter","is_schreibdienst","active","max_shifts_per_week","created_at","updated_at"
"1","Felix",NULL,NULL,"Freiwillige","0","0","1","5","2025-03-09 16:16:21","2025-04-10 20:38:27"
"2","Sophia",NULL,NULL,"Freiwillige","1","0","1","5","2025-03-09 16:16:28","2025-04-11 20:35:20"
"3","Milena",NULL,NULL,"Freiwillige","0","0","1","5","2025-03-09 16:16:34","2025-04-10 19:45:39"
"4","Test",NULL,NULL,"Freiwillige","0","0","0","5","2025-03-09 19:19:01","2025-03-10 14:28:46"
"5","Lina",NULL,NULL,"Freiwillige","0","0","0","5","2025-03-10 14:30:42","2025-03-10 14:30:58"
"8","Admin","admin@admin.ch","$2y$10$RzNivZ6AsrcIhwpcxNXJTe3LHzHC.gdd.In.FUqIavvBJNSHbOBbW","Backoffice","0","0","1","5","2025-03-10 15:24:06","2025-03-10 15:24:06"
"9","Test2",NULL,NULL,"Freiwillige","0","0","0","5","2025-03-10 16:13:14","2025-03-10 16:13:18"
"10","asdfadf",NULL,NULL,"Freiwillige","0","0","0","5","2025-03-11 18:10:27","2025-03-11 18:10:32"
"11","sdfgsdgsdf",NULL,NULL,"Freiwillige","0","0","0","5","2025-03-11 18:10:44","2025-03-11 18:12:40"
"12","sdfasdf",NULL,NULL,"Freiwillige","0","0","0","5","2025-03-11 18:25:36","2025-04-02 17:59:32"
"13","Sol",NULL,NULL,"Freiwillige","0","0","0","5","2025-03-12 13:42:56","2025-05-07 11:13:01"
"14","Test",NULL,NULL,"Freiwillige","0","0","0","5","2025-03-24 14:44:13","2025-03-24 14:44:21"
"15","trtr",NULL,NULL,"Freiwillige","0","0","0","5","2025-03-29 21:36:43","2025-03-29 21:37:07"
"16","Backoffice",NULL,NULL,"Freiwillige","0","0","0","5","2025-05-07 11:12:44","2025-05-07 12:29:52"
"17","Marius",NULL,NULL,"Freiwillige","0","0","0","5","2025-05-07 11:28:44","2025-05-07 12:14:17"
"18","asas",NULL,NULL,"Freiwillige","0","0","0","5","2025-05-07 12:00:29","2025-05-07 12:00:38"
"19","Marius",NULL,NULL,"Freiwillige","0","0","1","5","2025-05-07 12:14:24","2025-05-07 12:14:24"
"20","asdas",NULL,NULL,"Freiwillige","0","0","0","5","2025-05-07 12:27:55","2025-05-07 12:28:00"
"21","Backoffice","backoffice@ggg-wegweiser.ch","$2y$10$htUVzOy15Lre9aDKBGrxWebZo72NkAUefaHOZ1D3rL7SEkecW5YLG","Backoffice","0","0","1","5","2025-05-07 12:31:16","2025-05-07 12:31:16"
"22","Backoffice","backoffice@ggg-wegweiser.ch","$2y$10$EIiOBuSA0mEfbiJeqv/kv.9U.mnW1LeUYOPxwinrwZxHZ83Kljb2.","Backoffice","0","0","0","5","2025-05-07 12:31:16","2025-05-07 12:31:47"
"23","Backoffice","backoffice@ggg-wegweiser.ch","$2y$10$H4XRIG.lNChwSuhfgmQhKOzVUcA3RNqeBhD1OVvoz0qN8Wnu5giAu","Backoffice","0","0","0","5","2025-05-07 12:31:16","2025-05-07 12:31:39"
"24","Backoffice","backoffice@ggg-wegweiser.ch","$2y$10$UgpcJrDa9laFa.eIJARe1erLyiFoJUzPBJywCO09q6sEFV06888m.","Backoffice","0","0","0","5","2025-05-07 12:31:16","2025-05-07 12:31:35"
